caduta_id;operatore;indice;timestamp_unix;offset_ms_da_inizio;value_N
2026-05-02T18:09:57.546976;pippo;0;1777738181.9823163;13;0.0
2026-05-02T18:09:57.546976;pippo;1;1777738181.9993157;30;0.0
2026-05-02T18:09:57.546976;pippo;2;1777738182.0152607;46;0.0
2026-05-02T18:09:57.546976;pippo;3;1777738182.0322597;63;0.0
2026-05-02T18:09:57.546976;pippo;4;1777738182.0812588;112;0.0
2026-05-02T18:09:57.546976;pippo;5;1777738182.1792884;210;39.0
2026-05-02T18:09:57.546976;pippo;6;1777738182.281349;312;78.0
2026-05-02T18:09:57.546976;pippo;7;1777738182.3799362;410;115.0
2026-05-02T18:09:57.546976;pippo;8;1777738182.4823604;513;152.0
2026-05-02T18:09:57.546976;pippo;9;1777738182.5843594;615;187.0
2026-05-02T18:09:57.546976;pippo;10;1777738182.6833653;714;222.0
2026-05-02T18:09:57.546976;pippo;11;1777738182.7854042;816;255.0
2026-05-02T18:09:57.546976;pippo;12;1777738182.8833616;914;288.0
2026-05-02T18:09:57.546976;pippo;13;1777738182.9858775;1016;319.0
2026-05-02T18:09:57.546976;pippo;14;1777738183.0839884;1114;350.0
2026-05-02T18:09:57.546976;pippo;15;1777738183.1871011;1217;379.0
2026-05-02T18:09:57.546976;pippo;16;1777738183.2850692;1315;408.0
2026-05-02T18:09:57.546976;pippo;17;1777738183.3873832;1418;435.0
2026-05-02T18:09:57.546976;pippo;18;1777738183.4853935;1516;462.0
2026-05-02T18:09:57.546976;pippo;19;1777738183.5883172;1619;487.0
2026-05-02T18:09:57.546976;pippo;20;1777738183.6866574;1717;512.0
2026-05-02T18:09:57.546976;pippo;21;1777738183.7886949;1819;535.0
2026-05-02T18:09:57.546976;pippo;22;1777738183.8876584;1918;558.0
2026-05-02T18:09:57.546976;pippo;23;1777738183.989692;2020;579.0
2026-05-02T18:09:57.546976;pippo;24;1777738184.0876567;2118;600.0
2026-05-02T18:09:57.546976;pippo;25;1777738184.190669;2221;619.0
2026-05-02T18:09:57.546976;pippo;26;1777738184.2890759;2319;638.0
2026-05-02T18:09:57.546976;pippo;27;1777738184.3914573;2422;655.0
2026-05-02T18:09:57.546976;pippo;28;1777738184.4895082;2520;672.0
2026-05-02T18:09:57.546976;pippo;29;1777738184.5914557;2622;687.0
2026-05-02T18:09:57.546976;pippo;30;1777738184.690509;2721;702.0
2026-05-02T18:09:57.546976;pippo;31;1777738184.7924943;2823;715.0
2026-05-02T18:09:57.546976;pippo;32;1777738184.8908005;2921;728.0
2026-05-02T18:09:57.546976;pippo;33;1777738184.9931703;3023;739.0
2026-05-02T18:09:57.546976;pippo;34;1777738185.095166;3125;750.0
2026-05-02T18:09:57.546976;pippo;35;1777738185.1942046;3224;759.0
2026-05-02T18:09:57.546976;pippo;36;1777738185.2961674;3326;768.0
2026-05-02T18:09:57.546976;pippo;37;1777738185.3944662;3425;775.0
2026-05-02T18:09:57.546976;pippo;38;1777738185.4970367;3527;782.0
2026-05-02T18:09:57.546976;pippo;39;1777738185.5950737;3625;787.0
2026-05-02T18:09:57.546976;pippo;40;1777738185.6977534;3728;792.0
2026-05-02T18:09:57.546976;pippo;41;1777738185.7957516;3826;795.0
2026-05-02T18:09:57.546976;pippo;42;1777738185.897753;3928;798.0
2026-05-02T18:09:57.546976;pippo;43;1777738185.9967515;4027;799.0
2026-05-02T18:09:57.546976;pippo;44;1777738186.0987985;4129;800.0
2026-05-02T18:09:57.546976;pippo;45;1777738186.1972802;4228;799.0
2026-05-02T18:09:57.546976;pippo;46;1777738186.2997854;4330;798.0
2026-05-02T18:09:57.546976;pippo;47;1777738186.3984234;4429;795.0
2026-05-02T18:09:57.546976;pippo;48;1777738186.5004213;4531;792.0
2026-05-02T18:09:57.546976;pippo;49;1777738186.5984225;4629;787.0
2026-05-02T18:09:57.546976;pippo;50;1777738186.7014232;4732;782.0
2026-05-02T18:09:57.546976;pippo;51;1777738186.799564;4830;775.0
2026-05-02T18:09:57.546976;pippo;52;1777738186.9016054;4932;768.0
2026-05-02T18:09:57.546976;pippo;53;1777738187.0003304;5031;759.0
2026-05-02T18:09:57.546976;pippo;54;1777738187.1023219;5133;750.0
2026-05-02T18:09:57.546976;pippo;55;1777738187.20031;5231;739.0
2026-05-02T18:09:57.546976;pippo;56;1777738187.3033323;5334;728.0
2026-05-02T18:09:57.546976;pippo;57;1777738187.4016523;5432;715.0
2026-05-02T18:09:57.546976;pippo;58;1777738187.5037456;5534;702.0
2026-05-02T18:09:57.546976;pippo;59;1777738187.6064796;5637;687.0
2026-05-02T18:09:57.546976;pippo;60;1777738187.7040298;5734;672.0
2026-05-02T18:09:57.546976;pippo;61;1777738187.8070261;5837;655.0
2026-05-02T18:09:57.546976;pippo;62;1777738187.905025;5935;638.0
2026-05-02T18:09:57.546976;pippo;63;1777738188.0080152;6038;619.0
2026-05-02T18:09:57.546976;pippo;64;1777738188.1063073;6137;600.0
2026-05-02T18:09:57.546976;pippo;65;1777738188.2083042;6239;579.0
2026-05-02T18:09:57.546976;pippo;66;1777738188.3063035;6337;558.0
2026-05-02T18:09:57.546976;pippo;67;1777738188.4087856;6439;535.0
2026-05-02T18:09:57.546976;pippo;68;1777738188.5077853;6538;512.0
2026-05-02T18:09:57.546976;pippo;69;1777738188.6097865;6640;512.0
2026-05-02T18:09:57.546976;pippo;70;1777738188.7078125;6738;512.0
2026-05-02T18:09:57.546976;pippo;71;1777738188.8098228;6840;512.0
2026-05-02T18:09:57.546976;pippo;72;1777738188.9086363;6939;512.0
2026-05-02T18:09:57.546976;pippo;73;1777738189.0106368;7041;512.0
2026-05-02T18:09:57.546976;pippo;74;1777738189.1096768;7140;512.0
2026-05-02T18:09:57.546976;pippo;75;1777738189.2116828;7242;512.0
2026-05-02T18:09:57.546976;pippo;76;1777738189.3096714;7340;512.0
2026-05-02T18:09:57.546976;pippo;77;1777738189.412305;7443;512.0
2026-05-02T18:09:57.546976;pippo;78;1777738189.5105178;7541;512.0
2026-05-02T18:09:57.546976;pippo;79;1777738189.6134813;7644;512.0
2026-05-02T18:09:57.546976;pippo;80;1777738189.7111669;7741;512.0
2026-05-02T18:09:57.546976;pippo;81;1777738189.8141682;7844;512.0
2026-05-02T18:09:57.546976;pippo;82;1777738189.9121668;7942;512.0
2026-05-02T18:09:57.546976;pippo;83;1777738190.0141666;8044;512.0
2026-05-02T18:09:57.546976;pippo;84;1777738190.113294;8144;512.0
2026-05-02T18:09:57.546976;pippo;85;1777738190.2157788;8246;512.0
2026-05-02T18:09:57.546976;pippo;86;1777738190.3140206;8344;512.0
2026-05-02T18:09:57.546976;pippo;87;1777738190.4162583;8447;512.0
2026-05-02T18:09:57.546976;pippo;88;1777738190.514268;8545;512.0
2026-05-02T18:09:57.546976;pippo;89;1777738190.6162605;8647;512.0
2026-05-02T18:09:57.546976;pippo;90;1777738190.7152934;8746;512.0
2026-05-02T18:09:57.546976;pippo;91;1777738190.81727;8848;512.0
2026-05-02T18:09:57.546976;pippo;92;1777738190.9152381;8945;512.0
2026-05-02T18:09:57.546976;pippo;93;1777738191.017819;9048;512.0
2026-05-02T18:09:57.546976;pippo;94;1777738191.1208227;9151;512.0
2026-05-02T18:09:57.546976;pippo;95;1777738191.218813;9249;512.0
2026-05-02T18:09:57.546976;pippo;96;1777738191.320778;9351;512.0
2026-05-02T18:09:57.546976;pippo;97;1777738191.4190333;9449;512.0
2026-05-02T18:09:57.546976;pippo;98;1777738191.5220346;9552;512.0
2026-05-02T18:09:57.546976;pippo;99;1777738191.620035;9650;512.0
2026-05-02T18:09:57.546976;pippo;100;1777738191.7220364;9752;512.0
2026-05-02T18:09:57.546976;pippo;101;1777738191.8210347;9851;512.0
2026-05-02T18:09:57.546976;pippo;102;1777738191.923071;9953;512.0
2026-05-02T18:09:57.546976;pippo;103;1777738192.0210347;10051;512.0
2026-05-02T18:09:57.546976;pippo;104;1777738192.124035;10154;512.0
2026-05-02T18:09:57.546976;pippo;105;1777738192.2220387;10252;512.0
2026-05-02T18:09:57.546976;pippo;106;1777738192.325035;10355;512.0
2026-05-02T18:09:57.546976;pippo;107;1777738192.4233096;10454;512.0
2026-05-02T18:09:57.546976;pippo;108;1777738192.5253098;10556;512.0
2026-05-02T18:09:57.546976;pippo;109;1777738192.6233099;10654;512.0
2026-05-02T18:09:57.546976;pippo;110;1777738192.7263105;10757;512.0
2026-05-02T18:09:57.546976;pippo;111;1777738192.8243136;10855;512.0
2026-05-02T18:09:57.546976;pippo;112;1777738192.926309;10957;512.0
2026-05-02T18:09:57.546976;pippo;113;1777738193.0253482;11056;512.0
2026-05-02T18:09:57.546976;pippo;114;1777738193.1273093;11158;512.0
2026-05-02T18:09:57.546976;pippo;115;1777738193.2253106;11256;512.0
2026-05-02T18:09:57.546976;pippo;116;1777738193.3283098;11359;512.0
2026-05-02T18:09:57.546976;pippo;117;1777738193.426603;11457;512.0
2026-05-02T18:09:57.546976;pippo;118;1777738193.5285652;11559;512.0
2026-05-02T18:09:57.546976;pippo;119;1777738193.6275654;11658;512.0
2026-05-02T18:09:57.546976;pippo;120;1777738193.7295666;11760;512.0
2026-05-02T18:09:57.546976;pippo;121;1777738193.8275645;11858;512.0
2026-05-02T18:09:57.546976;pippo;122;1777738193.9305646;11961;512.0
2026-05-02T18:09:57.546976;pippo;123;1777738194.0285633;12059;512.0
2026-05-02T18:09:57.546976;pippo;124;1777738194.130563;12161;512.0
2026-05-02T18:09:57.546976;pippo;125;1777738194.2295651;12260;512.0
2026-05-02T18:09:57.546976;pippo;126;1777738194.3315692;12362;512.0
2026-05-02T18:09:57.546976;pippo;127;1777738194.4296012;12460;512.0
2026-05-02T18:09:57.546976;pippo;128;1777738194.532705;12563;512.0
2026-05-02T18:09:57.546976;pippo;129;1777738194.630709;12661;512.0
2026-05-02T18:09:57.546976;pippo;130;1777738194.7327054;12763;512.0
2026-05-02T18:09:57.546976;pippo;131;1777738194.831706;12862;512.0
2026-05-02T18:09:57.546976;pippo;132;1777738194.9337041;12964;512.0
2026-05-02T18:09:57.546976;pippo;133;1777738195.031749;13062;512.0
2026-05-02T18:09:57.546976;pippo;134;1777738195.1347036;13165;512.0
2026-05-02T18:09:57.546976;pippo;135;1777738195.236705;13267;512.0
2026-05-02T18:09:57.546976;pippo;136;1777738195.3347073;13365;512.0
2026-05-02T18:09:57.546976;pippo;137;1777738195.4377048;13468;512.0
2026-05-02T18:09:57.546976;pippo;138;1777738195.535881;13566;512.0
2026-05-02T18:09:57.546976;pippo;139;1777738195.6378803;13668;512.0
2026-05-02T18:09:57.546976;pippo;140;1777738195.7359164;13766;512.0
2026-05-02T18:09:57.546976;pippo;141;1777738195.8388805;13869;512.0
2026-05-02T18:09:57.546976;pippo;142;1777738195.936882;13967;512.0
2026-05-02T18:09:57.546976;pippo;143;1777738196.0398805;14070;512.0
2026-05-02T18:09:57.546976;pippo;144;1777738196.1378808;14168;512.0
2026-05-02T18:09:57.546976;pippo;145;1777738196.239882;14270;512.0
2026-05-02T18:09:57.546976;pippo;146;1777738196.3388805;14369;512.0
2026-05-02T18:09:57.546976;pippo;147;1777738196.4408793;14471;512.0
2026-05-02T18:09:57.546976;pippo;148;1777738196.538959;14569;512.0
2026-05-02T18:09:57.546976;pippo;149;1777738196.6419568;14672;512.0
2026-05-02T18:09:57.546976;pippo;150;1777738196.7399564;14770;512.0
2026-05-02T18:09:57.546976;pippo;151;1777738196.8419557;14872;512.0
2026-05-02T18:09:57.546976;pippo;152;1777738196.9404724;14971;512.0
2026-05-02T18:09:57.546976;pippo;153;1777738197.0424724;15073;512.0
2026-05-02T18:09:57.546976;pippo;154;1777738197.1415079;15172;512.0
2026-05-02T18:09:57.546976;pippo;155;1777738197.2435086;15274;512.0
2026-05-02T18:09:57.546976;pippo;156;1777738197.3415077;15372;512.0
2026-05-16T19:35:50.940611;io;0;1778952945.217327;17;0.0
2026-05-16T19:35:50.940611;io;1;1778952945.3161743;115;39.5
2026-05-16T19:35:50.940611;io;2;1778952945.4182122;217;78.0
2026-05-16T19:35:50.940611;io;3;1778952945.5202649;319;115.5
2026-05-16T19:35:50.940611;io;4;1778952945.6191869;418;152.0
2026-05-16T19:35:50.940611;io;5;1778952945.721226;520;187.5
2026-05-16T19:35:50.940611;io;6;1778952945.8192258;618;222.0
2026-05-16T19:35:50.940611;io;7;1778952945.9226904;722;255.5
2026-05-16T19:35:50.940611;io;8;1778952946.019967;819;288.0
2026-05-16T19:35:50.940611;io;9;1778952946.1222298;921;319.5
2026-05-16T19:35:50.940611;io;10;1778952946.2212672;1020;350.0
2026-05-16T19:35:50.940611;io;11;1778952946.3232677;1122;379.5
2026-05-16T19:35:50.940611;io;12;1778952946.422173;1221;408.0
2026-05-16T19:35:50.940611;io;13;1778952946.5241783;1323;435.5
2026-05-16T19:35:50.940611;io;14;1778952946.6226757;1422;462.0
2026-05-16T19:35:50.940611;io;15;1778952946.7249947;1524;487.5
2026-05-16T19:35:50.940611;io;16;1778952946.8230317;1622;512.0
2026-05-16T19:35:50.940611;io;17;1778952946.9250326;1724;535.5
2026-05-16T19:35:50.940611;io;18;1778952947.024554;1824;558.0
2026-05-16T19:35:50.940611;io;19;1778952947.1260397;1925;579.5
2026-05-16T19:35:50.940611;io;20;1778952947.223983;2023;600.0
2026-05-16T19:35:50.940611;io;21;1778952947.3269832;2126;619.5
2026-05-16T19:35:50.940611;io;22;1778952947.4249458;2224;638.0
2026-05-16T19:35:50.940611;io;23;1778952947.5280395;2327;655.5
2026-05-16T19:35:50.940611;io;24;1778952947.6260452;2425;672.0
2026-05-16T19:35:50.940611;io;25;1778952947.728862;2528;687.5
2026-05-16T19:35:50.940611;io;26;1778952947.8269138;2626;702.0
2026-05-16T19:35:50.940611;io;27;1778952947.9289057;2728;715.5
2026-05-16T19:35:50.940611;io;28;1778952948.0269074;2826;728.0
2026-05-16T19:35:50.940611;io;29;1778952948.1305823;2930;739.5
2026-05-16T19:35:50.940611;io;30;1778952948.2285326;3028;750.0
2026-05-16T19:35:50.940611;io;31;1778952948.3299243;3129;759.5
2026-05-16T19:35:50.940611;io;32;1778952948.428887;3228;768.0
2026-05-16T19:35:50.940611;io;33;1778952948.5308905;3330;775.5
2026-05-16T19:35:50.940611;io;34;1778952948.6299264;3429;782.0
2026-05-16T19:35:50.940611;io;35;1778952948.731052;3530;787.5
2026-05-16T19:35:50.940611;io;36;1778952948.8304913;3630;792.0
2026-05-16T19:35:50.940611;io;37;1778952948.932385;3732;795.5
2026-05-16T19:35:50.940611;io;38;1778952949.0303848;3830;798.0
2026-05-16T19:35:50.940611;io;39;1778952949.1329641;3932;799.5
2026-05-16T19:35:50.940611;io;40;1778952949.231193;4030;800.0
2026-05-16T19:35:50.940611;io;41;1778952949.334378;4134;799.5
2026-05-16T19:35:50.940611;io;42;1778952949.4324782;4232;798.0
2026-05-16T19:35:50.940611;io;43;1778952949.5344777;4334;795.5
2026-05-16T19:35:50.940611;io;44;1778952949.6325126;4432;792.0
2026-05-16T19:35:50.940611;io;45;1778952949.7359035;4535;787.5
2026-05-16T19:35:50.940611;io;46;1778952949.833046;4632;782.0
2026-05-16T19:35:50.940611;io;47;1778952949.9364676;4736;775.5
2026-05-16T19:35:50.940611;io;48;1778952950.0345302;4834;768.0
2026-05-16T19:35:50.940611;io;49;1778952950.136816;4936;759.5
2026-05-16T19:35:50.940611;io;50;1778952950.2348197;5034;750.0
2026-05-16T19:35:50.940611;io;51;1778952950.3379848;5137;739.5
2026-05-16T19:35:50.940611;io;52;1778952950.4356937;5235;728.0
2026-05-16T19:35:50.940611;io;53;1778952950.538074;5337;715.5
2026-05-16T19:35:50.940611;io;54;1778952950.6361308;5435;702.0
2026-05-16T19:37:03.640762;io;0;1778953015.1039634;14;0.0
2026-05-16T19:37:03.640762;io;1;1778953015.2059503;115;39.5
2026-05-16T19:37:03.640762;io;2;1778953015.3096306;219;78.0
2026-05-16T19:37:03.640762;io;3;1778953015.4069386;316;115.5
2026-05-16T19:37:03.640762;io;4;1778953015.5099468;419;152.0
2026-05-16T19:37:03.640762;io;5;1778953015.6079388;517;187.5
2026-05-16T19:37:03.640762;io;6;1778953015.7097528;619;222.0
2026-05-16T19:37:03.640762;io;7;1778953015.8087735;718;255.5
2026-05-16T19:37:03.640762;io;8;1778953015.9107263;820;288.0
2026-05-16T19:37:03.640762;io;9;1778953016.0087185;918;319.5
2026-05-16T19:37:03.640762;io;10;1778953016.1116827;1021;350.0
2026-05-16T19:37:03.640762;io;11;1778953016.2107544;1120;379.5
2026-05-16T19:37:03.640762;io;12;1778953016.3124444;1222;408.0
2026-05-16T19:37:03.640762;io;13;1778953016.4111779;1321;435.5
2026-05-16T19:37:03.640762;io;14;1778953016.5130708;1423;462.0
2026-05-16T19:37:03.640762;io;15;1778953016.6110704;1521;487.5
2026-05-16T19:37:03.640762;io;16;1778953016.7140708;1624;512.0
2026-05-16T19:37:03.640762;io;17;1778953016.8123813;1722;535.5
2026-05-16T19:37:03.640762;io;18;1778953016.9146898;1824;558.0
2026-05-16T19:37:03.640762;io;19;1778953017.0123634;1922;579.5
2026-05-16T19:37:03.640762;io;20;1778953017.1153626;2025;600.0
2026-05-16T19:37:03.640762;io;21;1778953017.2133632;2123;619.5
2026-05-16T19:37:03.640762;io;22;1778953017.3162096;2226;638.0
2026-05-16T19:37:03.640762;io;23;1778953017.414502;2324;655.5
2026-05-16T19:37:03.640762;io;24;1778953017.5163178;2426;672.0
2026-05-16T19:37:03.640762;io;25;1778953017.6141682;2524;687.5
2026-05-16T19:37:03.640762;io;26;1778953017.717168;2627;702.0
2026-05-16T19:37:03.640762;io;27;1778953017.8155074;2725;715.5
2026-05-16T19:37:03.640762;io;28;1778953017.9175558;2827;728.0
2026-05-16T19:37:03.640762;io;29;1778953018.01653;2926;739.5
2026-05-16T19:37:03.640762;io;30;1778953018.119266;3029;750.0
2026-05-16T19:37:03.640762;io;31;1778953018.217042;3127;759.5
2026-05-16T19:37:03.640762;io;32;1778953018.3190422;3229;768.0
2026-05-16T19:37:03.640762;io;33;1778953018.4179065;3327;775.5
2026-05-16T19:37:03.640762;io;34;1778953018.5194154;3429;782.0
2026-05-16T19:37:03.640762;io;35;1778953018.6184757;3528;787.5
2026-05-16T19:37:03.640762;io;36;1778953018.7200942;3630;792.0
2026-05-16T19:37:03.640762;io;37;1778953018.8233347;3733;795.5
2026-05-16T19:37:03.640762;io;38;1778953018.9213276;3831;798.0
2026-05-16T19:37:03.640762;io;39;1778953019.0247893;3934;799.5
2026-05-16T19:37:03.640762;io;40;1778953019.1224809;4032;800.0
2026-05-16T19:37:03.640762;io;41;1778953019.224614;4134;799.5
2026-05-16T19:37:03.640762;io;42;1778953019.3226159;4232;798.0
2026-05-16T19:37:03.640762;io;43;1778953019.4245915;4334;795.5
2026-05-16T19:37:03.640762;io;44;1778953019.5240877;4434;792.0
2026-05-16T19:37:03.640762;io;45;1778953019.6257086;4535;787.5
2026-05-16T19:37:03.640762;io;46;1778953019.725033;4635;782.0
2026-05-16T19:37:03.640762;io;47;1778953019.8266737;4736;775.5
2026-05-16T19:37:03.640762;io;48;1778953019.9246893;4834;768.0
2026-05-16T19:37:03.640762;io;49;1778953020.026943;4936;759.5
2026-05-16T19:37:03.640762;io;50;1778953020.125929;5035;750.0
2026-05-16T19:37:03.640762;io;51;1778953020.2277222;5137;739.5
2026-05-16T19:37:03.640762;io;52;1778953020.3257453;5235;728.0
2026-05-16T19:37:03.640762;io;53;1778953020.4287622;5338;715.5
2026-05-16T19:37:03.640762;io;54;1778953020.5267282;5436;702.0
2026-05-16T19:37:03.640762;io;55;1778953020.6291902;5539;687.5
2026-05-16T19:37:03.640762;io;56;1778953020.7280395;5638;672.0
2026-05-16T19:37:03.640762;io;57;1778953020.8302794;5740;655.5
2026-05-16T19:37:03.640762;io;58;1778953020.9282615;5838;638.0
2026-05-16T19:37:03.640762;io;59;1778953021.0302625;5940;619.5
2026-05-16T19:37:03.640762;io;60;1778953021.129451;6039;600.0
2026-05-16T19:37:03.640762;io;61;1778953021.2309506;6140;579.5
2026-05-16T19:37:03.640762;io;62;1778953021.3300877;6240;558.0
2026-05-16T19:37:03.640762;io;63;1778953021.4318626;6341;535.5
2026-05-16T19:37:03.640762;io;64;1778953021.5298588;6439;512.0
2026-05-16T19:37:03.640762;io;65;1778953021.6328237;6542;512.0
2026-05-16T19:37:03.640762;io;66;1778953021.7308059;6640;512.0
2026-05-16T19:37:03.640762;io;67;1778953021.833108;6743;512.0
2026-05-16T19:37:03.640762;io;68;1778953021.9318438;6841;512.0
2026-05-16T19:37:03.640762;io;69;1778953022.033809;6943;512.0
2026-05-16T19:37:03.640762;io;70;1778953022.1318438;7041;512.0
2026-05-16T19:37:03.640762;io;71;1778953022.2348092;7144;512.0
2026-05-16T19:37:03.640762;io;72;1778953022.3329241;7242;512.0
2026-05-16T19:37:03.640762;io;73;1778953022.435524;7345;512.0
2026-05-16T19:37:03.640762;io;74;1778953022.5342345;7444;512.0
2026-05-16T19:37:03.640762;io;75;1778953022.6362715;7546;512.0
2026-05-16T19:37:03.640762;io;76;1778953022.7342708;7644;512.0
2026-05-16T19:37:03.640762;io;77;1778953022.8379843;7748;512.0
2026-05-16T19:37:03.640762;io;78;1778953022.9354827;7845;512.0
2026-05-16T19:37:03.640762;io;79;1778953023.0377827;7947;512.0
2026-05-16T19:37:03.640762;io;80;1778953023.1357493;8045;512.0
2026-05-16T19:37:03.640762;io;81;1778953023.237782;8147;512.0
2026-05-16T19:37:03.640762;io;82;1778953023.3373818;8247;512.0
2026-05-19T17:13:35.939543;io;0;1779203584.8289971;17;0.0
2026-05-19T17:13:35.939543;io;1;1779203584.926896;115;39.5
2026-05-19T17:13:35.939543;io;2;1779203585.029173;217;78.0
2026-05-19T17:13:35.939543;io;3;1779203585.1321573;320;115.5
2026-05-19T17:13:35.939543;io;4;1779203585.2299323;418;152.0
2026-05-19T17:13:35.939543;io;5;1779203585.3314693;520;187.5
2026-05-19T17:13:35.939543;io;6;1779203585.4309225;619;222.0
2026-05-19T17:13:35.939543;io;7;1779203585.5333788;721;255.5
2026-05-19T17:13:35.939543;io;8;1779203585.631723;820;288.0
2026-05-19T17:13:35.939543;io;9;1779203585.7336154;922;319.5
2026-05-19T17:13:35.939543;io;10;1779203585.832035;1020;350.0
2026-05-19T17:13:35.939543;io;11;1779203585.9340336;1122;379.5
2026-05-19T17:13:35.939543;io;12;1779203586.0334733;1222;408.0
2026-05-19T17:13:35.939543;io;13;1779203586.135646;1324;435.5
2026-05-19T17:13:35.939543;io;14;1779203586.2331715;1421;462.0
2026-05-19T17:13:35.939543;io;15;1779203586.3349097;1523;487.5
2026-05-19T17:13:35.939543;io;16;1779203586.434038;1622;512.0
2026-05-19T17:13:35.939543;io;17;1779203586.5360775;1724;535.5
2026-05-19T17:13:35.939543;io;18;1779203586.6350222;1823;558.0
2026-05-19T17:13:35.939543;io;19;1779203586.7376611;1926;579.5
2026-05-19T17:13:35.939543;io;20;1779203586.835983;2024;600.0
2026-05-19T17:13:35.939543;io;21;1779203586.9375155;2126;619.5
2026-05-19T17:13:35.939543;io;22;1779203587.0366592;2225;638.0
2026-05-19T17:13:35.939543;io;23;1779203587.1390924;2327;655.5
2026-05-19T17:13:35.939543;io;24;1779203587.2375364;2426;672.0
2026-05-19T17:13:35.939543;io;25;1779203587.339282;2527;687.5
2026-05-19T17:13:35.939543;io;26;1779203587.438465;2627;702.0
2026-05-19T17:13:35.939543;io;27;1779203587.5405118;2729;715.5
2026-05-19T17:13:35.939543;io;28;1779203587.6391456;2827;728.0
2026-05-19T17:13:35.939543;io;29;1779203587.740347;2928;739.5
2026-05-19T17:13:35.939543;io;30;1779203587.839649;3028;750.0
2026-05-19T17:13:35.939543;io;31;1779203587.9412289;3129;759.5
2026-05-19T17:13:35.939543;io;32;1779203588.0402167;3228;768.0
2026-05-19T17:13:35.939543;io;33;1779203588.1423342;3330;775.5
2026-05-19T17:13:35.939543;io;34;1779203588.2409174;3429;782.0
2026-05-19T17:13:35.939543;io;35;1779203588.3430564;3531;787.5
2026-05-19T17:13:35.939543;io;36;1779203588.4420886;3630;792.0
2026-05-19T17:13:35.939543;io;37;1779203588.543995;3732;795.5
2026-05-19T17:13:35.939543;io;38;1779203588.6417527;3830;798.0
2026-05-19T17:13:35.939543;io;39;1779203588.7443197;3932;799.5
2026-05-19T17:13:35.939543;io;40;1779203588.8429394;4031;800.0
2026-05-19T17:13:35.939543;io;41;1779203588.9452999;4133;799.5
2026-05-19T17:13:35.939543;io;42;1779203589.043743;4232;798.0
2026-05-19T17:13:35.939543;io;43;1779203589.1458652;4334;795.5
2026-05-19T17:13:35.939543;io;44;1779203589.2439113;4432;792.0
2026-05-19T17:13:35.939543;io;45;1779203589.3460393;4534;787.5
2026-05-19T17:13:35.939543;io;46;1779203589.4450355;4633;782.0
2026-05-19T17:13:35.939543;io;47;1779203589.5474632;4736;775.5
2026-05-19T17:13:35.939543;io;48;1779203589.6455004;4834;768.0
2026-05-19T17:13:35.939543;io;49;1779203589.748765;4937;759.5
2026-05-19T17:13:35.939543;io;50;1779203589.8464117;5035;750.0
2026-05-19T17:13:35.939543;io;51;1779203589.9480546;5136;739.5
2026-05-19T17:13:35.939543;io;52;1779203590.047196;5235;728.0
2026-05-19T17:13:35.939543;io;53;1779203590.1494296;5338;715.5
2026-05-19T17:13:35.939543;io;54;1779203590.246835;5435;702.0
2026-05-19T17:13:35.939543;io;55;1779203590.3499591;5538;687.5
2026-05-19T17:13:35.939543;io;56;1779203590.4479222;5636;672.0
2026-05-19T17:13:35.939543;io;57;1779203590.5501285;5738;655.5
2026-05-19T17:13:35.939543;io;58;1779203590.6490858;5837;638.0
2026-05-19T17:13:35.939543;io;59;1779203590.7510114;5939;619.5
2026-05-19T17:13:35.939543;io;60;1779203590.8532836;6041;600.0
2026-05-19T17:13:35.939543;io;61;1779203590.951267;6139;579.5
2026-05-19T17:13:35.939543;io;62;1779203591.0540197;6242;558.0
2026-05-19T17:13:35.939543;io;63;1779203591.1530058;6341;535.5
2026-05-19T17:13:35.939543;io;64;1779203591.2550254;6443;512.0
2026-05-19T17:13:35.939543;io;65;1779203591.3529677;6541;512.0
2026-05-19T17:13:35.939543;io;66;1779203591.455106;6643;512.0
2026-05-19T17:13:35.939543;io;67;1779203591.5535023;6742;512.0
2026-05-19T17:13:35.939543;io;68;1779203591.6565378;6845;512.0
2026-05-19T17:13:35.939543;io;69;1779203591.7551327;6943;512.0
2026-05-19T17:13:35.939543;io;70;1779203591.8575313;7046;512.0
2026-05-19T17:13:35.939543;io;71;1779203591.9549487;7143;512.0
2026-05-19T17:13:35.939543;io;72;1779203592.0580208;7246;512.0
2026-05-19T17:13:35.939543;io;73;1779203592.1558352;7344;512.0
2026-05-19T17:13:35.939543;io;74;1779203592.2579663;7446;512.0
2026-05-19T17:13:35.939543;io;75;1779203592.357065;7545;512.0
2026-05-19T17:13:35.939543;io;76;1779203592.459555;7648;512.0
2026-05-19T17:13:35.939543;io;77;1779203592.558056;7746;512.0
2026-05-19T17:13:35.939543;io;78;1779203592.6598616;7848;512.0
2026-05-19T17:13:35.939543;io;79;1779203592.7581255;7946;512.0
2026-05-19T17:13:35.939543;io;80;1779203592.8603034;8048;512.0
2026-05-19T17:13:35.939543;io;81;1779203592.9590409;8147;512.0
2026-05-19T17:13:35.939543;io;82;1779203593.060839;8249;512.0
2026-05-19T17:13:35.939543;io;83;1779203593.1593328;8347;512.0
2026-05-19T17:13:35.939543;io;84;1779203593.2624097;8451;512.0
2026-05-19T17:13:35.939543;io;85;1779203593.3607821;8549;512.0
2026-05-19T17:13:35.939543;io;86;1779203593.4620364;8650;512.0
2026-05-19T17:13:35.939543;io;87;1779203593.560993;8749;512.0
2026-05-19T17:13:35.939543;io;88;1779203593.6631756;8851;512.0
2026-05-19T17:13:35.939543;io;89;1779203593.7618854;8950;512.0
2026-05-19T17:13:35.939543;io;90;1779203593.8640485;9052;512.0
2026-05-19T17:13:35.939543;io;91;1779203593.962566;9151;512.0
2026-05-19T17:13:35.939543;io;92;1779203594.0639563;9252;512.0
2026-05-19T17:13:35.939543;io;93;1779203594.163307;9351;512.0
2026-05-19T17:13:35.939543;io;94;1779203594.2648866;9453;512.0
2026-05-19T17:13:35.939543;io;95;1779203594.3641946;9552;512.0
2026-05-19T17:13:35.939543;io;96;1779203594.466295;9654;512.0
2026-05-19T17:13:35.939543;io;97;1779203594.5646892;9753;512.0
2026-05-19T17:13:35.939543;io;98;1779203594.6672373;9855;512.0
2026-05-19T17:13:35.939543;io;99;1779203594.764862;9953;512.0
2026-05-19T17:13:35.939543;io;100;1779203594.8678117;10056;512.0
2026-05-19T17:13:35.939543;io;101;1779203594.9656122;10154;512.0
2026-05-19T17:13:35.939543;io;102;1779203595.0683842;10256;512.0
2026-05-19T17:13:35.939543;io;103;1779203595.1667593;10355;512.0
2026-05-19T17:13:35.939543;io;104;1779203595.269101;10457;512.0
2026-05-19T17:13:35.939543;io;105;1779203595.3672335;10555;512.0
2026-05-19T17:13:35.939543;io;106;1779203595.4694133;10658;512.0
2026-05-19T17:13:35.939543;io;107;1779203595.5684772;10757;512.0
2026-05-19T17:13:35.939543;io;108;1779203595.6703036;10858;512.0
2026-05-19T17:13:35.939543;io;109;1779203595.7706027;10959;512.0
2026-05-19T17:13:35.939543;io;110;1779203595.8711553;11059;512.0
2026-05-19T17:13:35.939543;io;111;1779203595.9686732;11157;512.0
2026-05-19T17:13:35.939543;io;112;1779203596.0717044;11260;512.0
2026-05-19T17:13:35.939543;io;113;1779203596.1702974;11358;512.0
2026-05-19T17:13:35.939543;io;114;1779203596.2718635;11460;512.0
2026-05-19T17:13:35.939543;io;115;1779203596.3700511;11558;512.0
2026-05-19T17:13:35.939543;io;116;1779203596.4733415;11661;512.0
2026-05-19T17:13:35.939543;io;117;1779203596.5718012;11760;512.0
2026-05-19T17:13:35.939543;io;118;1779203596.6741827;11862;512.0
2026-05-19T17:13:35.939543;io;119;1779203596.7722914;11960;512.0
2026-05-19T17:13:35.939543;io;120;1779203596.8739243;12062;512.0
2026-05-19T17:13:35.939543;io;121;1779203596.9724493;12161;512.0
2026-05-19T17:13:35.939543;io;122;1779203597.0752757;12263;512.0
2026-05-19T17:13:35.939543;io;123;1779203597.1733687;12361;512.0
2026-05-19T17:13:35.939543;io;124;1779203597.2755046;12464;512.0
2026-05-19T17:13:35.939543;io;125;1779203597.3744018;12563;512.0
2026-05-19T17:13:35.939543;io;126;1779203597.476427;12665;512.0
2026-05-19T17:13:35.939543;io;127;1779203597.5752773;12763;512.0
2026-05-19T17:13:35.939543;io;128;1779203597.6780639;12866;512.0
2026-05-19T17:13:35.939543;io;129;1779203597.7756922;12964;512.0
2026-05-19T17:13:35.939543;io;130;1779203597.8785508;13067;512.0
2026-05-19T17:13:35.939543;io;131;1779203597.9760394;13164;512.0
2026-05-19T17:13:35.939543;io;132;1779203598.0789728;13267;512.0
2026-05-19T17:13:35.939543;io;133;1779203598.1771452;13365;512.0
2026-05-19T17:13:35.939543;io;134;1779203598.2791348;13467;512.0
2026-05-19T17:13:35.939543;io;135;1779203598.377744;13566;512.0
2026-05-19T17:13:35.939543;io;136;1779203598.4800878;13668;512.0
2026-05-19T17:13:35.939543;io;137;1779203598.5782382;13766;512.0
2026-05-19T17:13:35.939543;io;138;1779203598.680601;13869;512.0
2026-05-19T17:13:35.939543;io;139;1779203598.7792177;13967;512.0
2026-05-19T17:13:35.939543;io;140;1779203598.8812778;14069;512.0
2026-05-19T17:13:35.939543;io;141;1779203598.9795175;14168;512.0
2026-05-19T17:13:35.939543;io;142;1779203599.0816905;14270;512.0
2026-05-19T17:13:35.939543;io;143;1779203599.1802595;14368;512.0
2026-05-19T17:13:35.939543;io;144;1779203599.2828898;14471;512.0
2026-05-19T17:13:35.939543;io;145;1779203599.3813417;14569;512.0
2026-05-19T17:13:35.939543;io;146;1779203599.4838488;14672;512.0
2026-05-19T17:13:35.939543;io;147;1779203599.5812845;14769;512.0
2026-05-19T17:13:35.939543;io;148;1779203599.6836426;14872;512.0
2026-05-19T17:13:35.939543;io;149;1779203599.7818894;14970;512.0
2026-05-19T17:13:35.939543;io;150;1779203599.8850076;15073;512.0
2026-05-19T17:13:35.939543;io;151;1779203599.9834607;15172;512.0
2026-05-19T17:13:35.939543;io;152;1779203600.0859206;15274;512.0
2026-05-19T17:13:35.939543;io;153;1779203600.1845746;15373;512.0
2026-05-19T17:13:35.939543;io;154;1779203600.2851493;15473;512.0
2026-05-19T17:13:35.939543;io;155;1779203600.3849368;15573;512.0
2026-05-19T17:13:35.939543;io;156;1779203600.4870062;15675;512.0
2026-05-19T17:13:35.939543;io;157;1779203600.5854695;15774;512.0
2026-05-19T17:13:35.939543;io;158;1779203600.6875572;15876;512.0
2026-05-19T17:13:35.939543;io;159;1779203600.7863772;15974;512.0
2026-05-19T17:13:35.939543;io;160;1779203600.8886704;16077;512.0
2026-05-19T17:13:35.939543;io;161;1779203600.986772;16175;512.0
2026-05-19T17:13:35.939543;io;162;1779203601.0894046;16278;512.0
2026-05-19T17:13:35.939543;io;163;1779203601.1874614;16376;512.0
2026-05-19T17:13:35.939543;io;164;1779203601.2894344;16478;512.0
2026-05-19T17:13:35.939543;io;165;1779203601.387743;16576;512.0
2026-05-19T17:13:35.939543;io;166;1779203601.4907682;16679;512.0
2026-05-19T17:13:35.939543;io;167;1779203601.588533;16777;512.0
2026-05-19T17:13:35.939543;io;168;1779203601.6915762;16880;512.0
2026-05-19T17:13:35.939543;io;169;1779203601.7900987;16978;512.0
2026-05-19T17:13:35.939543;io;170;1779203601.8917882;17080;512.0
2026-05-19T17:13:35.939543;io;171;1779203601.990261;17178;512.0
2026-05-19T17:13:35.939543;io;172;1779203602.0927;17281;512.0
2026-05-19T17:13:35.939543;io;173;1779203602.190946;17379;512.0
2026-05-19T17:13:35.939543;io;174;1779203602.2930315;17481;512.0
2026-05-19T17:13:35.939543;io;175;1779203602.3915064;17580;512.0
2026-05-19T17:13:35.939543;io;176;1779203602.4936361;17682;512.0
2026-05-19T17:13:35.939543;io;177;1779203602.5927744;17781;512.0
2026-05-19T17:13:35.939543;io;178;1779203602.694194;17882;512.0
2026-05-19T17:13:35.939543;io;179;1779203602.793063;17981;512.0
2026-05-19T17:13:35.939543;io;180;1779203602.8951285;18083;512.0
2026-05-19T17:13:35.939543;io;181;1779203602.9940135;18182;512.0
2026-05-19T17:13:35.939543;io;182;1779203603.095702;18284;512.0
2026-05-19T17:13:35.939543;io;183;1779203603.1932926;18381;512.0
2026-05-19T17:13:35.939543;io;184;1779203603.2964702;18485;512.0
2026-05-19T17:13:35.939543;io;185;1779203603.395219;18583;512.0
2026-05-19T17:13:35.939543;io;186;1779203603.4975796;18686;512.0
2026-05-19T17:13:35.939543;io;187;1779203603.595019;18783;512.0
2026-05-19T17:13:35.939543;io;188;1779203603.698332;18886;512.0
2026-05-19T17:13:35.939543;io;189;1779203603.7967994;18985;512.0
2026-05-19T17:13:35.939543;io;190;1779203603.8986182;19087;512.0
2026-05-19T17:13:35.939543;io;191;1779203603.9972792;19185;512.0
2026-05-19T17:13:35.939543;io;192;1779203604.099525;19288;512.0
2026-05-19T17:13:35.939543;io;193;1779203604.1964364;19385;512.0
2026-05-19T17:13:35.939543;io;194;1779203604.2997382;19488;512.0
2026-05-19T17:13:35.939543;io;195;1779203604.398962;19587;512.0
2026-05-19T17:13:35.939543;io;196;1779203604.5010302;19689;512.0
2026-05-19T17:13:35.939543;io;197;1779203604.5995295;19788;512.0
2026-05-19T17:13:35.939543;io;198;1779203604.701393;19890;512.0
2026-05-19T17:13:35.939543;io;199;1779203604.7995298;19988;512.0
2026-05-19T17:13:35.939543;io;200;1779203604.9024718;20091;512.0
2026-05-19T17:13:35.939543;io;201;1779203605.001124;20189;512.0
2026-05-19T17:13:35.939543;io;202;1779203605.098992;20287;512.0
2026-05-19T17:13:35.939543;io;203;1779203605.2015831;20390;512.0
2026-05-19T17:13:35.939543;io;204;1779203605.29936;20487;512.0
2026-05-19T17:13:35.939543;io;205;1779203605.4019663;20590;512.0
2026-05-19T17:13:35.939543;io;206;1779203605.4999993;20688;512.0
2026-05-19T17:13:35.939543;io;207;1779203605.603083;20791;512.0
2026-05-19T17:13:35.939543;io;208;1779203605.7009416;20889;512.0
2026-05-19T17:13:35.939543;io;209;1779203605.803442;20992;512.0
2026-05-19T17:13:35.939543;io;210;1779203605.902017;21090;512.0
2026-05-19T17:13:35.939543;io;211;1779203606.0039942;21192;512.0
2026-05-19T17:13:35.939543;io;212;1779203606.1028595;21291;512.0
2026-05-19T17:13:35.939543;io;213;1779203606.2042234;21392;512.0
2026-05-19T17:13:35.939543;io;214;1779203606.302877;21491;512.0
2026-05-19T17:13:35.939543;io;215;1779203606.4055378;21594;512.0
2026-05-19T17:13:35.939543;io;216;1779203606.5041518;21692;512.0
2026-05-19T17:13:35.939543;io;217;1779203606.6059272;21794;512.0
2026-05-19T17:13:35.939543;io;218;1779203606.7045078;21893;512.0
2026-05-19T17:13:35.939543;io;219;1779203606.8075242;21996;512.0
2026-05-19T17:13:35.939543;io;220;1779203606.9054794;22094;512.0
2026-05-19T17:13:35.939543;io;221;1779203607.0081458;22196;512.0
2026-05-19T17:13:35.939543;io;222;1779203607.1056502;22294;512.0
2026-05-19T17:13:35.939543;io;223;1779203607.208488;22397;512.0
2026-05-19T17:13:35.939543;io;224;1779203607.3060043;22494;512.0
2026-05-19T17:13:35.939543;io;225;1779203607.408292;22596;512.0
2026-05-19T17:13:35.939543;io;226;1779203607.5080318;22696;512.0
2026-05-19T17:13:35.939543;io;227;1779203607.6091223;22797;512.0
2026-05-19T17:13:35.939543;io;228;1779203607.708197;22896;512.0
2026-05-19T17:13:35.939543;io;229;1779203607.8105657;22999;512.0
2026-05-19T17:13:35.939543;io;230;1779203607.9089243;23097;512.0
2026-05-19T17:13:35.939543;io;231;1779203608.0113256;23199;512.0
2026-05-19T17:13:35.939543;io;232;1779203608.1100385;23298;512.0
2026-05-19T17:13:35.939543;io;233;1779203608.2117646;23400;512.0
2026-05-19T17:13:35.939543;io;234;1779203608.3097787;23498;512.0
2026-05-19T17:13:35.939543;io;235;1779203608.4126587;23601;512.0
2026-05-19T17:13:35.939543;io;236;1779203608.5102262;23698;512.0
2026-05-19T17:13:35.939543;io;237;1779203608.613434;23802;512.0
2026-05-19T17:13:35.939543;io;238;1779203608.7111373;23899;512.0
2026-05-19T17:13:35.939543;io;239;1779203608.8134995;24002;512.0
2026-05-19T17:13:35.939543;io;240;1779203608.9123769;24100;512.0
2026-05-19T17:13:35.939543;io;241;1779203609.014993;24203;512.0
2026-05-19T17:13:35.939543;io;242;1779203609.1125371;24301;512.0
2026-05-19T17:13:35.939543;io;243;1779203609.2154155;24404;512.0
2026-05-19T17:13:35.939543;io;244;1779203609.3132708;24501;512.0
2026-05-19T17:13:35.939543;io;245;1779203609.4159465;24604;512.0
2026-05-19T17:13:35.939543;io;246;1779203609.5144079;24703;512.0
2026-05-19T17:13:35.939543;io;247;1779203609.61661;24805;512.0
2026-05-19T17:13:35.939543;io;248;1779203609.715393;24904;512.0
2026-05-19T17:13:35.939543;io;249;1779203609.8175611;25006;512.0
2026-05-19T17:13:35.939543;io;250;1779203609.9159682;25104;512.0
2026-05-19T17:13:35.939543;io;251;1779203610.0179708;25206;512.0
2026-05-19T17:13:35.939543;io;252;1779203610.1167927;25305;512.0
2026-05-19T17:13:35.939543;io;253;1779203610.2191117;25407;512.0
2026-05-19T17:13:35.939543;io;254;1779203610.3172476;25505;512.0
2026-05-19T17:13:35.939543;io;255;1779203610.4198408;25608;512.0
2026-05-19T17:13:35.939543;io;256;1779203610.5177314;25706;512.0
2026-05-19T17:13:35.939543;io;257;1779203610.6200867;25808;512.0
2026-05-19T17:13:35.939543;io;258;1779203610.7186682;25907;512.0
2026-05-19T17:13:35.939543;io;259;1779203610.8200254;26008;512.0
2026-05-19T17:13:35.939543;io;260;1779203610.9191692;26107;512.0
2026-05-19T17:13:35.939543;io;261;1779203611.0212255;26209;512.0
2026-05-19T17:13:35.939543;io;262;1779203611.119585;26308;512.0
2026-05-19T17:13:35.939543;io;263;1779203611.2211723;26409;512.0
2026-05-19T17:13:35.939543;io;264;1779203611.3199325;26508;512.0
2026-05-19T17:13:35.939543;io;265;1779203611.4232388;26611;512.0
2026-05-19T17:13:35.939543;io;266;1779203611.5213108;26709;512.0
2026-05-19T17:13:35.939543;io;267;1779203611.6232986;26811;512.0
2026-05-19T17:13:35.939543;io;268;1779203611.7219372;26910;512.0
2026-05-19T17:13:35.939543;io;269;1779203611.8240883;27012;512.0
2026-05-19T17:13:35.939543;io;270;1779203611.922389;27111;512.0
2026-05-19T17:13:35.939543;io;271;1779203612.025148;27213;512.0
2026-05-19T17:13:35.939543;io;272;1779203612.1232684;27311;512.0
2026-05-19T17:13:35.939543;io;273;1779203612.2259374;27414;512.0
2026-05-19T17:13:35.939543;io;274;1779203612.323616;27512;512.0
2026-05-19T17:13:35.939543;io;275;1779203612.4265916;27615;512.0
2026-05-19T17:13:35.939543;io;276;1779203612.5251193;27713;512.0
2026-05-19T17:13:35.939543;io;277;1779203612.6273234;27815;512.0
2026-05-19T17:13:35.939543;io;278;1779203612.7255695;27914;512.0
2026-05-19T17:13:35.939543;io;279;1779203612.8276708;28016;512.0
2026-05-19T17:13:35.939543;io;280;1779203612.9259658;28114;512.0
2026-05-19T17:13:35.939543;io;281;1779203613.0283864;28217;512.0
2026-05-19T17:13:35.939543;io;282;1779203613.1262994;28314;512.0
2026-05-19T17:13:35.939543;io;283;1779203613.2288854;28417;512.0
2026-05-19T17:13:35.939543;io;284;1779203613.3274171;28516;512.0
2026-05-19T17:13:35.939543;io;285;1779203613.4298527;28618;512.0
2026-05-19T17:13:35.939543;io;286;1779203613.528156;28716;512.0
2026-05-19T17:13:35.939543;io;287;1779203613.630167;28818;512.0
2026-05-19T17:13:35.939543;io;288;1779203613.7283597;28916;512.0
2026-05-19T17:13:35.939543;io;289;1779203613.8310695;29019;512.0
2026-05-19T17:13:35.939543;io;290;1779203613.929273;29117;512.0
2026-05-19T17:13:35.939543;io;291;1779203614.0322113;29220;512.0
2026-05-19T17:13:35.939543;io;292;1779203614.1306345;29319;512.0
2026-05-19T17:13:35.939543;io;293;1779203614.232831;29421;512.0
2026-05-19T17:13:35.939543;io;294;1779203614.3308134;29519;512.0
2026-05-19T17:13:35.939543;io;295;1779203614.4334269;29622;512.0
2026-05-19T17:13:35.939543;io;296;1779203614.5319848;29720;512.0
2026-05-19T17:13:35.939543;io;297;1779203614.634197;29822;512.0
2026-05-19T17:13:35.939543;io;298;1779203614.7327287;29921;512.0
2026-05-19T17:13:35.939543;io;299;1779203614.8348358;30023;512.0
2026-05-19T17:13:35.939543;io;300;1779203614.9328318;30121;512.0
2026-05-19T17:13:35.939543;io;301;1779203615.0354095;30224;512.0
2026-05-19T17:13:35.939543;io;302;1779203615.1333303;30321;512.0
2026-05-19T17:13:35.939543;io;303;1779203615.2349303;30423;512.0
2026-05-19T17:13:35.939543;io;304;1779203615.3347385;30523;512.0
2026-05-19T17:13:35.939543;io;305;1779203615.4364803;30625;512.0
2026-05-19T17:13:35.939543;io;306;1779203615.5353127;30723;512.0
2026-05-19T17:13:35.939543;io;307;1779203615.6376746;30826;512.0
2026-05-19T17:34:07.187500;noi;0;1779204841.8633475;16;0.0
2026-05-19T17:34:07.187500;noi;1;1779204841.9655993;119;39.5
2026-05-19T17:34:07.187500;noi;2;1779204842.063484;217;78.0
2026-05-19T17:34:07.187500;noi;3;1779204842.1657968;319;115.5
2026-05-19T17:34:07.187500;noi;4;1779204842.2643676;417;152.0
2026-05-19T17:34:07.187500;noi;5;1779204842.366837;520;187.5
2026-05-19T17:34:07.187500;noi;6;1779204842.4655645;619;222.0
2026-05-19T17:34:07.187500;noi;7;1779204842.5672348;720;255.5
2026-05-19T17:34:07.187500;noi;8;1779204842.6661737;819;288.0
2026-05-19T17:34:07.187500;noi;9;1779204842.7679524;921;319.5
2026-05-19T17:34:07.187500;noi;10;1779204842.8660867;1019;350.0
2026-05-19T17:34:07.187500;noi;11;1779204842.9690177;1122;379.5
2026-05-19T17:34:07.187500;noi;12;1779204843.067494;1221;408.0
2026-05-19T17:34:07.187500;noi;13;1779204843.1694052;1323;435.5
2026-05-19T17:34:07.187500;noi;14;1779204843.2681463;1421;462.0
2026-05-19T17:34:07.187500;noi;15;1779204843.370812;1524;487.5
2026-05-19T17:34:07.187500;noi;16;1779204843.4687269;1622;512.0
2026-05-19T17:34:07.187500;noi;17;1779204843.5708838;1724;535.5
2026-05-19T17:34:07.187500;noi;18;1779204843.6690369;1822;558.0
2026-05-19T17:34:07.187500;noi;19;1779204843.7724512;1926;579.5
2026-05-19T17:34:07.187500;noi;20;1779204843.870193;2023;600.0
2026-05-19T17:34:07.187500;noi;21;1779204843.972801;2126;619.5
2026-05-19T17:34:07.187500;noi;22;1779204844.0709784;2224;638.0
2026-05-19T17:34:07.187500;noi;23;1779204844.1730425;2326;655.5
2026-05-19T17:34:07.187500;noi;24;1779204844.2718568;2425;672.0
2026-05-19T17:34:07.187500;noi;25;1779204844.3742905;2527;687.5
2026-05-19T17:34:07.187500;noi;26;1779204844.4720025;2625;702.0
2026-05-19T17:34:07.187500;noi;27;1779204844.5747018;2728;715.5
2026-05-19T17:34:07.187500;noi;28;1779204844.6726663;2826;728.0
2026-05-19T17:34:07.187500;noi;29;1779204844.7751708;2928;739.5
2026-05-19T17:34:07.187500;noi;30;1779204844.873209;3026;750.0
2026-05-19T17:34:07.187500;noi;31;1779204844.975942;3129;759.5
2026-05-19T17:34:07.187500;noi;32;1779204845.0776558;3231;768.0
2026-05-19T17:34:07.187500;noi;33;1779204845.1772158;3330;775.5
2026-05-19T17:34:07.187500;noi;34;1779204845.2787712;3432;782.0
2026-05-19T17:34:07.187500;noi;35;1779204845.3777716;3531;787.5
2026-05-19T17:34:07.187500;noi;36;1779204845.4800482;3633;792.0
2026-05-19T17:34:07.187500;noi;37;1779204845.5779634;3731;795.5
2026-05-19T17:34:07.187500;noi;38;1779204845.6807709;3834;798.0
2026-05-19T17:34:07.187500;noi;39;1779204845.778317;3931;799.5
2026-05-19T17:34:07.187500;noi;40;1779204845.8814454;4035;800.0
2026-05-19T17:34:07.187500;noi;41;1779204845.9791176;4132;799.5
2026-05-19T17:34:07.187500;noi;42;1779204846.0817623;4235;798.0
2026-05-19T17:34:07.187500;noi;43;1779204846.1805973;4334;795.5
2026-05-19T17:34:07.187500;noi;44;1779204846.2828615;4436;792.0
2026-05-19T17:34:07.187500;noi;45;1779204846.3808856;4534;787.5
2026-05-19T17:34:07.187500;noi;46;1779204846.4830234;4636;782.0
2026-05-19T17:34:07.187500;noi;47;1779204846.5810034;4734;775.5
2026-05-19T17:34:07.187500;noi;48;1779204846.6834931;4837;768.0
2026-05-19T17:34:07.187500;noi;49;1779204846.7819924;4935;759.5
2026-05-19T17:34:07.187500;noi;50;1779204846.8844967;5038;750.0
